Done,Item
,Total rent collected for the year matches your bank deposits and lease records (line 8141).
,You have a receipt or invoice for every expense you intend to claim.
,Every expense is sitting on the correct T776 line.
,Shared home costs are split by a method you can explain and defend (square footage is the usual one).
,"Costs that relate only to the rental unit are claimed at 100%, not split."
,You have separated repairs (current expense) from improvements (capital).
,"Your mileage log records date, destination, purpose and kilometres for each trip."
,"You have not claimed mortgage principal, your own labour, land transfer tax or any fine."
,Property tax and insurance figures match your municipal and insurer documents.
,The personal portion of shared costs is reported at line 9949 and is not deducted.
,"Your CCA decision is written down, whether you claim capital cost allowance this year or not."
,Your net figure at line 9369 is the number you will carry to your T1.

"T776 Rental Books is a bookkeeping aid. It is not tax, legal, or accounting advice."
